{"admin":{},"home":{"bottomBar":{"bottomList":[{"drawableIcon":-1,"title":""},{"drawableIcon":-1,"title":""},{"drawableIcon":-1,"title":""}]},"navbar":{"businessName":"Business Agent","drawable_logo":0,"sectionList":[{"optionsList":[{"drawableIcon":-1,"title":""}]},{"optionsList":[{"drawableIcon":-1,"title":""}]},{"optionsList":[{"drawableIcon":-1,"title":""}]}],"tagLine":"All Good"},"tabs":[{"drawable":"Inventories","issubTabExist":true,"options":[{"drawable":"Stock-in-Trade","isSubSubTabExist":true,"options":[{"drawable":"View","isSubSubSubTabExist":false,"options":null,"pagerContent":{"pageViewType":0,"sectionlist":[{"itemsType":0,"itemslist":[{"actiontext":"","drawableMain":-1,"drawableoptions":-1,"mDescription":"Description ","mSummaryText":null,"mThumbnailUrl":null,"mTitle":"Item 0","numerictext":"","numerictext2":"","subTitle":"","type":0},{"actiontext":"","drawableMain":-1,"drawableoptions":-1,"mDescription":"Description ","mSummaryText":null,"mThumbnailUrl":null,"mTitle":"Item 1","numerictext":"","numerictext2":"","subTitle":"","type":0},{"actiontext":"","drawableMain":-1,"drawableoptions":-1,"mDescription":"Description ","mSummaryText":null,"mThumbnailUrl":null,"mTitle":"Item 2","numerictext":"","numerictext2":"","subTitle":"","type":0},{"actiontext":"","drawableMain":-1,"drawableoptions":-1,"mDescription":"Description ","mSummaryText":null,"mThumbnailUrl":null,"mTitle":"Item 3","numerictext":"","numerictext2":"","subTitle":"","type":0},{"actiontext":"","drawableMain":-1,"drawableoptions":-1,"mDescription":"Description ","mSummaryText":null,"mThumbnailUrl":null,"mTitle":"Item 4","numerictext":"","numerictext2":"","subTitle":"","type":0},{"actiontext":"","drawableMain":-1,"drawableoptions":-1,"mDescription":"Description ","mSummaryText":null,"mThumbnailUrl":null,"mTitle":"Item 5","numerictext":"","numerictext2":"","subTitle":"","type":0},{"actiontext":"","drawableMain":-1,"drawableoptions":-1,"mDescription":"Description ","mSummaryText":null,"mThumbnailUrl":null,"mTitle":"Item 6","numerictext":"","numerictext2":"","subTitle":"","type":0},{"actiontext":"","drawableMain":-1,"drawableoptions":-1,"mDescription":"Description ","mSummaryText":null,"mThumbnailUrl":null,"mTitle":"Item 7","numerictext":"","numerictext2":"","subTitle":"","type":0},{"actiontext":"","drawableMain":-1,"drawableoptions":-1,"mDescription":"Description ","mSummaryText":null,"mThumbnailUrl":null,"mTitle":"Item 8","numerictext":"","numerictext2":"","subTitle":"","type":0},{"actiontext":"","drawableMain":-1,"drawableoptions":-1,"mDescription":"Description ","mSummaryText":null,"mThumbnailUrl":null,"mTitle":"Item 9","numerictext":"","numerictext2":"","subTitle":"","type":0}]}]},"title":"View"}],"pagerContent":null,"title":"Stock-in-Trade"},{"drawable":"","isSubSubTabExist":false,"options":null,"pagerContent":{"pageViewType":0,"sectionlist":[{"itemsType":0,"itemslist":[{"actiontext":"","drawableMain":-1,"drawableoptions":-1,"mDescription":"Description ","mSummaryText":null,"mThumbnailUrl":null,"mTitle":"Item 0","numerictext":"","numerictext2":"","subTitle":"","type":0},{"actiontext":"","drawableMain":-1,"drawableoptions":-1,"mDescription":"Description ","mSummaryText":null,"mThumbnailUrl":null,"mTitle":"Item 1","numerictext":"","numerictext2":"","subTitle":"","type":0},{"actiontext":"","drawableMain":-1,"drawableoptions":-1,"mDescription":"Description ","mSummaryText":null,"mThumbnailUrl":null,"mTitle":"Item 2","numerictext":"","numerictext2":"","subTitle":"","type":0},{"actiontext":"","drawableMain":-1,"drawableoptions":-1,"mDescription":"Description ","mSummaryText":null,"mThumbnailUrl":null,"mTitle":"Item 3","numerictext":"","numerictext2":"","subTitle":"","type":0},{"actiontext":"","drawableMain":-1,"drawableoptions":-1,"mDescription":"Description ","mSummaryText":null,"mThumbnailUrl":null,"mTitle":"Item 4","numerictext":"","numerictext2":"","subTitle":"","type":0},{"actiontext":"","drawableMain":-1,"drawableoptions":-1,"mDescription":"Description ","mSummaryText":null,"mThumbnailUrl":null,"mTitle":"Item 5","numerictext":"","numerictext2":"","subTitle":"","type":0},{"actiontext":"","drawableMain":-1,"drawableoptions":-1,"mDescription":"Description ","mSummaryText":null,"mThumbnailUrl":null,"mTitle":"Item 6","numerictext":"","numerictext2":"","subTitle":"","type":0},{"actiontext":"","drawableMain":-1,"drawableoptions":-1,"mDescription":"Description ","mSummaryText":null,"mThumbnailUrl":null,"mTitle":"Item 7","numerictext":"","numerictext2":"","subTitle":"","type":0},{"actiontext":"","drawableMain":-1,"drawableoptions":-1,"mDescription":"Description ","mSummaryText":null,"mThumbnailUrl":null,"mTitle":"Item 8","numerictext":"","numerictext2":"","subTitle":"","type":0},{"actiontext":"","drawableMain":-1,"drawableoptions":-1,"mDescription":"Description ","mSummaryText":null,"mThumbnailUrl":null,"mTitle":"Item 9","numerictext":"","numerictext2":"","subTitle":"","type":0}]}]},"title":""},{"drawable":"Remove Product","isSubSubTabExist":true,"options":[{"drawable":"View","isSubSubSubTabExist":false,"options":null,"pagerContent":{"pageViewType":0,"sectionlist":[{"itemsType":0,"itemslist":[{"actiontext":"","drawableMain":-1,"drawableoptions":-1,"mDescription":"Description ","mSummaryText":null,"mThumbnailUrl":null,"mTitle":"Item 0","numerictext":"","numerictext2":"","subTitle":"","type":0},{"actiontext":"","drawableMain":-1,"drawableoptions":-1,"mDescription":"Description ","mSummaryText":null,"mThumbnailUrl":null,"mTitle":"Item 1","numerictext":"","numerictext2":"","subTitle":"","type":0},{"actiontext":"","drawableMain":-1,"drawableoptions":-1,"mDescription":"Description ","mSummaryText":null,"mThumbnailUrl":null,"mTitle":"Item 2","numerictext":"","numerictext2":"","subTitle":"","type":0},{"actiontext":"","drawableMain":-1,"drawableoptions":-1,"mDescription":"Description ","mSummaryText":null,"mThumbnailUrl":null,"mTitle":"Item 3","numerictext":"","numerictext2":"","subTitle":"","type":0},{"actiontext":"","drawableMain":-1,"drawableoptions":-1,"mDescription":"Description ","mSummaryText":null,"mThumbnailUrl":null,"mTitle":"Item 4","numerictext":"","numerictext2":"","subTitle":"","type":0},{"actiontext":"","drawableMain":-1,"drawableoptions":-1,"mDescription":"Description ","mSummaryText":null,"mThumbnailUrl":null,"mTitle":"Item 5","numerictext":"","numerictext2":"","subTitle":"","type":0},{"actiontext":"","drawableMain":-1,"drawableoptions":-1,"mDescription":"Description ","mSummaryText":null,"mThumbnailUrl":null,"mTitle":"Item 6","numerictext":"","numerictext2":"","subTitle":"","type":0},{"actiontext":"","drawableMain":-1,"drawableoptions":-1,"mDescription":"Description ","mSummaryText":null,"mThumbnailUrl":null,"mTitle":"Item 7","numerictext":"","numerictext2":"","subTitle":"","type":0},{"actiontext":"","drawableMain":-1,"drawableoptions":-1,"mDescription":"Description ","mSummaryText":null,"mThumbnailUrl":null,"mTitle":"Item 8","numerictext":"","numerictext2":"","subTitle":"","type":0},{"actiontext":"","drawableMain":-1,"drawableoptions":-1,"mDescription":"Description ","mSummaryText":null,"mThumbnailUrl":null,"mTitle":"Item 9","numerictext":"","numerictext2":"","subTitle":"","type":0}]}]},"title":"View"}],"pagerContent":null,"title":"Remove Product"},{"drawable":"","isSubSubTabExist":false,"options":null,"pagerContent":{"pageViewType":0,"sectionlist":[{"itemsType":0,"itemslist":[{"actiontext":"","drawableMain":-1,"drawableoptions":-1,"mDescription":"Description ","mSummaryText":null,"mThumbnailUrl":null,"mTitle":"Item 0","numerictext":"","numerictext2":"","subTitle":"","type":0},{"actiontext":"","drawableMain":-1,"drawableoptions":-1,"mDescription":"Description ","mSummaryText":null,"mThumbnailUrl":null,"mTitle":"Item 1","numerictext":"","numerictext2":"","subTitle":"","type":0},{"actiontext":"","drawableMain":-1,"drawableoptions":-1,"mDescription":"Description ","mSummaryText":null,"mThumbnailUrl":null,"mTitle":"Item 2","numerictext":"","numerictext2":"","subTitle":"","type":0},{"actiontext":"","drawableMain":-1,"drawableoptions":-1,"mDescription":"Description ","mSummaryText":null,"mThumbnailUrl":null,"mTitle":"Item 3","numerictext":"","numerictext2":"","subTitle":"","type":0},{"actiontext":"","drawableMain":-1,"drawableoptions":-1,"mDescription":"Description ","mSummaryText":null,"mThumbnailUrl":null,"mTitle":"Item 4","numerictext":"","numerictext2":"","subTitle":"","type":0},{"actiontext":"","drawableMain":-1,"drawableoptions":-1,"mDescription":"Description ","mSummaryText":null,"mThumbnailUrl":null,"mTitle":"Item 5","numerictext":"","numerictext2":"","subTitle":"","type":0},{"actiontext":"","drawableMain":-1,"drawableoptions":-1,"mDescription":"Description ","mSummaryText":null,"mThumbnailUrl":null,"mTitle":"Item 6","numerictext":"","numerictext2":"","subTitle":"","type":0},{"actiontext":"","drawableMain":-1,"drawableoptions":-1,"mDescription":"Description ","mSummaryText":null,"mThumbnailUrl":null,"mTitle":"Item 7","numerictext":"","numerictext2":"","subTitle":"","type":0},{"actiontext":"","drawableMain":-1,"drawableoptions":-1,"mDescription":"Description ","mSummaryText":null,"mThumbnailUrl":null,"mTitle":"Item 8","numerictext":"","numerictext2":"","subTitle":"","type":0},{"actiontext":"","drawableMain":-1,"drawableoptions":-1,"mDescription":"Description ","mSummaryText":null,"mThumbnailUrl":null,"mTitle":"Item 9","numerictext":"","numerictext2":"","subTitle":"","type":0}]}]},"title":""}],"title":"Inventories"},{"drawable":"Purchase","issubTabExist":true,"options":[{"drawable":"Purchase","isSubSubTabExist":true,"options":[{"drawable":"View","isSubSubSubTabExist":false,"options":null,"pagerContent":{"pageViewType":0,"sectionlist":[{"itemsType":0,"itemslist":[{"actiontext":"","drawableMain":-1,"drawableoptions":-1,"mDescription":"Description ","mSummaryText":null,"mThumbnailUrl":null,"mTitle":"Item 0","numerictext":"","numerictext2":"","subTitle":"","type":0},{"actiontext":"","drawableMain":-1,"drawableoptions":-1,"mDescription":"Description ","mSummaryText":null,"mThumbnailUrl":null,"mTitle":"Item 1","numerictext":"","numerictext2":"","subTitle":"","type":0},{"actiontext":"","drawableMain":-1,"drawableoptions":-1,"mDescription":"Description ","mSummaryText":null,"mThumbnailUrl":null,"mTitle":"Item 2","numerictext":"","numerictext2":"","subTitle":"","type":0},{"actiontext":"","drawableMain":-1,"drawableoptions":-1,"mDescription":"Description ","mSummaryText":null,"mThumbnailUrl":null,"mTitle":"Item 3","numerictext":"","numerictext2":"","subTitle":"","type":0},{"actiontext":"","drawableMain":-1,"drawableoptions":-1,"mDescription":"Description ","mSummaryText":null,"mThumbnailUrl":null,"mTitle":"Item 4","numerictext":"","numerictext2":"","subTitle":"","type":0},{"actiontext":"","drawableMain":-1,"drawableoptions":-1,"mDescription":"Description ","mSummaryText":null,"mThumbnailUrl":null,"mTitle":"Item 5","numerictext":"","numerictext2":"","subTitle":"","type":0},{"actiontext":"","drawableMain":-1,"drawableoptions":-1,"mDescription":"Description ","mSummaryText":null,"mThumbnailUrl":null,"mTitle":"Item 6","numerictext":"","numerictext2":"","subTitle":"","type":0},{"actiontext":"","drawableMain":-1,"drawableoptions":-1,"mDescription":"Description ","mSummaryText":null,"mThumbnailUrl":null,"mTitle":"Item 7","numerictext":"","numerictext2":"","subTitle":"","type":0},{"actiontext":"","drawableMain":-1,"drawableoptions":-1,"mDescription":"Description ","mSummaryText":null,"mThumbnailUrl":null,"mTitle":"Item 8","numerictext":"","numerictext2":"","subTitle":"","type":0},{"actiontext":"","drawableMain":-1,"drawableoptions":-1,"mDescription":"Description ","mSummaryText":null,"mThumbnailUrl":null,"mTitle":"Item 9","numerictext":"","numerictext2":"","subTitle":"","type":0}]}]},"title":"View"}],"pagerContent":null,"title":"Purchase"},{"drawable":"","isSubSubTabExist":false,"options":null,"pagerContent":{"pageViewType":0,"sectionlist":[{"itemsType":0,"itemslist":[{"actiontext":"","drawableMain":-1,"drawableoptions":-1,"mDescription":"Description ","mSummaryText":null,"mThumbnailUrl":null,"mTitle":"Item 0","numerictext":"","numerictext2":"","subTitle":"","type":0},{"actiontext":"","drawableMain":-1,"drawableoptions":-1,"mDescription":"Description ","mSummaryText":null,"mThumbnailUrl":null,"mTitle":"Item 1","numerictext":"","numerictext2":"","subTitle":"","type":0},{"actiontext":"","drawableMain":-1,"drawableoptions":-1,"mDescription":"Description ","mSummaryText":null,"mThumbnailUrl":null,"mTitle":"Item 2","numerictext":"","numerictext2":"","subTitle":"","type":0},{"actiontext":"","drawableMain":-1,"drawableoptions":-1,"mDescription":"Description ","mSummaryText":null,"mThumbnailUrl":null,"mTitle":"Item 3","numerictext":"","numerictext2":"","subTitle":"","type":0},{"actiontext":"","drawableMain":-1,"drawableoptions":-1,"mDescription":"Description ","mSummaryText":null,"mThumbnailUrl":null,"mTitle":"Item 4","numerictext":"","numerictext2":"","subTitle":"","type":0},{"actiontext":"","drawableMain":-1,"drawableoptions":-1,"mDescription":"Description ","mSummaryText":null,"mThumbnailUrl":null,"mTitle":"Item 5","numerictext":"","numerictext2":"","subTitle":"","type":0},{"actiontext":"","drawableMain":-1,"drawableoptions":-1,"mDescription":"Description ","mSummaryText":null,"mThumbnailUrl":null,"mTitle":"Item 6","numerictext":"","numerictext2":"","subTitle":"","type":0},{"actiontext":"","drawableMain":-1,"drawableoptions":-1,"mDescription":"Description ","mSummaryText":null,"mThumbnailUrl":null,"mTitle":"Item 7","numerictext":"","numerictext2":"","subTitle":"","type":0},{"actiontext":"","drawableMain":-1,"drawableoptions":-1,"mDescription":"Description ","mSummaryText":null,"mThumbnailUrl":null,"mTitle":"Item 8","numerictext":"","numerictext2":"","subTitle":"","type":0},{"actiontext":"","drawableMain":-1,"drawableoptions":-1,"mDescription":"Description ","mSummaryText":null,"mThumbnailUrl":null,"mTitle":"Item 9","numerictext":"","numerictext2":"","subTitle":"","type":0}]}]},"title":""},{"drawable":"Goods-in-Transit","isSubSubTabExist":true,"options":[{"drawable":"View","isSubSubSubTabExist":false,"options":null,"pagerContent":{"pageViewType":0,"sectionlist":[{"itemsType":0,"itemslist":[{"actiontext":"","drawableMain":-1,"drawableoptions":-1,"mDescription":"Description ","mSummaryText":null,"mThumbnailUrl":null,"mTitle":"Item 0","numerictext":"","numerictext2":"","subTitle":"","type":0},{"actiontext":"","drawableMain":-1,"drawableoptions":-1,"mDescription":"Description ","mSummaryText":null,"mThumbnailUrl":null,"mTitle":"Item 1","numerictext":"","numerictext2":"","subTitle":"","type":0},{"actiontext":"","drawableMain":-1,"drawableoptions":-1,"mDescription":"Description ","mSummaryText":null,"mThumbnailUrl":null,"mTitle":"Item 2","numerictext":"","numerictext2":"","subTitle":"","type":0},{"actiontext":"","drawableMain":-1,"drawableoptions":-1,"mDescription":"Description ","mSummaryText":null,"mThumbnailUrl":null,"mTitle":"Item 3","numerictext":"","numerictext2":"","subTitle":"","type":0},{"actiontext":"","drawableMain":-1,"drawableoptions":-1,"mDescription":"Description ","mSummaryText":null,"mThumbnailUrl":null,"mTitle":"Item 4","numerictext":"","numerictext2":"","subTitle":"","type":0},{"actiontext":"","drawableMain":-1,"drawableoptions":-1,"mDescription":"Description ","mSummaryText":null,"mThumbnailUrl":null,"mTitle":"Item 5","numerictext":"","numerictext2":"","subTitle":"","type":0},{"actiontext":"","drawableMain":-1,"drawableoptions":-1,"mDescription":"Description ","mSummaryText":null,"mThumbnailUrl":null,"mTitle":"Item 6","numerictext":"","numerictext2":"","subTitle":"","type":0},{"actiontext":"","drawableMain":-1,"drawableoptions":-1,"mDescription":"Description ","mSummaryText":null,"mThumbnailUrl":null,"mTitle":"Item 7","numerictext":"","numerictext2":"","subTitle":"","type":0},{"actiontext":"","drawableMain":-1,"drawableoptions":-1,"mDescription":"Description ","mSummaryText":null,"mThumbnailUrl":null,"mTitle":"Item 8","numerictext":"","numerictext2":"","subTitle":"","type":0},{"actiontext":"","drawableMain":-1,"drawableoptions":-1,"mDescription":"Description ","mSummaryText":null,"mThumbnailUrl":null,"mTitle":"Item 9","numerictext":"","numerictext2":"","subTitle":"","type":0}]}]},"title":"View"}],"pagerContent":null,"title":"Goods-in-Transit"},{"drawable":"","isSubSubTabExist":false,"options":null,"pagerContent":{"pageViewType":0,"sectionlist":[{"itemsType":0,"itemslist":[{"actiontext":"","drawableMain":-1,"drawableoptions":-1,"mDescription":"Description ","mSummaryText":null,"mThumbnailUrl":null,"mTitle":"Item 0","numerictext":"","numerictext2":"","subTitle":"","type":0},{"actiontext":"","drawableMain":-1,"drawableoptions":-1,"mDescription":"Description ","mSummaryText":null,"mThumbnailUrl":null,"mTitle":"Item 1","numerictext":"","numerictext2":"","subTitle":"","type":0},{"actiontext":"","drawableMain":-1,"drawableoptions":-1,"mDescription":"Description ","mSummaryText":null,"mThumbnailUrl":null,"mTitle":"Item 2","numerictext":"","numerictext2":"","subTitle":"","type":0},{"actiontext":"","drawableMain":-1,"drawableoptions":-1,"mDescription":"Description ","mSummaryText":null,"mThumbnailUrl":null,"mTitle":"Item 3","numerictext":"","numerictext2":"","subTitle":"","type":0},{"actiontext":"","drawableMain":-1,"drawableoptions":-1,"mDescription":"Description ","mSummaryText":null,"mThumbnailUrl":null,"mTitle":"Item 4","numerictext":"","numerictext2":"","subTitle":"","type":0},{"actiontext":"","drawableMain":-1,"drawableoptions":-1,"mDescription":"Description ","mSummaryText":null,"mThumbnailUrl":null,"mTitle":"Item 5","numerictext":"","numerictext2":"","subTitle":"","type":0},{"actiontext":"","drawableMain":-1,"drawableoptions":-1,"mDescription":"Description ","mSummaryText":null,"mThumbnailUrl":null,"mTitle":"Item 6","numerictext":"","numerictext2":"","subTitle":"","type":0},{"actiontext":"","drawableMain":-1,"drawableoptions":-1,"mDescription":"Description ","mSummaryText":null,"mThumbnailUrl":null,"mTitle":"Item 7","numerictext":"","numerictext2":"","subTitle":"","type":0},{"actiontext":"","drawableMain":-1,"drawableoptions":-1,"mDescription":"Description ","mSummaryText":null,"mThumbnailUrl":null,"mTitle":"Item 8","numerictext":"","numerictext2":"","subTitle":"","type":0},{"actiontext":"","drawableMain":-1,"drawableoptions":-1,"mDescription":"Description ","mSummaryText":null,"mThumbnailUrl":null,"mTitle":"Item 9","numerictext":"","numerictext2":"","subTitle":"","type":0}]}]},"title":""}],"title":"Purchase"},{"drawable":"Sale","issubTabExist":true,"options":[{"drawable":"Sales","isSubSubTabExist":true,"options":[{"drawable":"View","isSubSubSubTabExist":false,"options":null,"pagerContent":{"pageViewType":0,"sectionlist":[{"itemsType":0,"itemslist":[{"actiontext":"","drawableMain":-1,"drawableoptions":-1,"mDescription":"Description ","mSummaryText":null,"mThumbnailUrl":null,"mTitle":"Item 0","numerictext":"","numerictext2":"","subTitle":"","type":0},{"actiontext":"","drawableMain":-1,"drawableoptions":-1,"mDescription":"Description ","mSummaryText":null,"mThumbnailUrl":null,"mTitle":"Item 1","numerictext":"","numerictext2":"","subTitle":"","type":0},{"actiontext":"","drawableMain":-1,"drawableoptions":-1,"mDescription":"Description ","mSummaryText":null,"mThumbnailUrl":null,"mTitle":"Item 2","numerictext":"","numerictext2":"","subTitle":"","type":0},{"actiontext":"","drawableMain":-1,"drawableoptions":-1,"mDescription":"Description ","mSummaryText":null,"mThumbnailUrl":null,"mTitle":"Item 3","numerictext":"","numerictext2":"","subTitle":"","type":0},{"actiontext":"","drawableMain":-1,"drawableoptions":-1,"mDescription":"Description ","mSummaryText":null,"mThumbnailUrl":null,"mTitle":"Item 4","numerictext":"","numerictext2":"","subTitle":"","type":0},{"actiontext":"","drawableMain":-1,"drawableoptions":-1,"mDescription":"Description ","mSummaryText":null,"mThumbnailUrl":null,"mTitle":"Item 5","numerictext":"","numerictext2":"","subTitle":"","type":0},{"actiontext":"","drawableMain":-1,"drawableoptions":-1,"mDescription":"Description ","mSummaryText":null,"mThumbnailUrl":null,"mTitle":"Item 6","numerictext":"","numerictext2":"","subTitle":"","type":0},{"actiontext":"","drawableMain":-1,"drawableoptions":-1,"mDescription":"Description ","mSummaryText":null,"mThumbnailUrl":null,"mTitle":"Item 7","numerictext":"","numerictext2":"","subTitle":"","type":0},{"actiontext":"","drawableMain":-1,"drawableoptions":-1,"mDescription":"Description ","mSummaryText":null,"mThumbnailUrl":null,"mTitle":"Item 8","numerictext":"","numerictext2":"","subTitle":"","type":0},{"actiontext":"","drawableMain":-1,"drawableoptions":-1,"mDescription":"Description ","mSummaryText":null,"mThumbnailUrl":null,"mTitle":"Item 9","numerictext":"","numerictext2":"","subTitle":"","type":0}]}]},"title":"View"}],"pagerContent":null,"title":"Sales"},{"drawable":"","isSubSubTabExist":false,"options":null,"pagerContent":{"pageViewType":0,"sectionlist":[{"itemsType":0,"itemslist":[{"actiontext":"","drawableMain":-1,"drawableoptions":-1,"mDescription":"Description ","mSummaryText":null,"mThumbnailUrl":null,"mTitle":"Item 0","numerictext":"","numerictext2":"","subTitle":"","type":0},{"actiontext":"","drawableMain":-1,"drawableoptions":-1,"mDescription":"Description ","mSummaryText":null,"mThumbnailUrl":null,"mTitle":"Item 1","numerictext":"","numerictext2":"","subTitle":"","type":0},{"actiontext":"","drawableMain":-1,"drawableoptions":-1,"mDescription":"Description ","mSummaryText":null,"mThumbnailUrl":null,"mTitle":"Item 2","numerictext":"","numerictext2":"","subTitle":"","type":0},{"actiontext":"","drawableMain":-1,"drawableoptions":-1,"mDescription":"Description ","mSummaryText":null,"mThumbnailUrl":null,"mTitle":"Item 3","numerictext":"","numerictext2":"","subTitle":"","type":0},{"actiontext":"","drawableMain":-1,"drawableoptions":-1,"mDescription":"Description ","mSummaryText":null,"mThumbnailUrl":null,"mTitle":"Item 4","numerictext":"","numerictext2":"","subTitle":"","type":0},{"actiontext":"","drawableMain":-1,"drawableoptions":-1,"mDescription":"Description ","mSummaryText":null,"mThumbnailUrl":null,"mTitle":"Item 5","numerictext":"","numerictext2":"","subTitle":"","type":0},{"actiontext":"","drawableMain":-1,"drawableoptions":-1,"mDescription":"Description ","mSummaryText":null,"mThumbnailUrl":null,"mTitle":"Item 6","numerictext":"","numerictext2":"","subTitle":"","type":0},{"actiontext":"","drawableMain":-1,"drawableoptions":-1,"mDescription":"Description ","mSummaryText":null,"mThumbnailUrl":null,"mTitle":"Item 7","numerictext":"","numerictext2":"","subTitle":"","type":0},{"actiontext":"","drawableMain":-1,"drawableoptions":-1,"mDescription":"Description ","mSummaryText":null,"mThumbnailUrl":null,"mTitle":"Item 8","numerictext":"","numerictext2":"","subTitle":"","type":0},{"actiontext":"","drawableMain":-1,"drawableoptions":-1,"mDescription":"Description ","mSummaryText":null,"mThumbnailUrl":null,"mTitle":"Item 9","numerictext":"","numerictext2":"","subTitle":"","type":0}]}]},"title":""},{"drawable":"Goods-in-Transit","isSubSubTabExist":true,"options":[{"drawable":"View","isSubSubSubTabExist":false,"options":null,"pagerContent":{"pageViewType":0,"sectionlist":[{"itemsType":0,"itemslist":[{"actiontext":"","drawableMain":-1,"drawableoptions":-1,"mDescription":"Description ","mSummaryText":null,"mThumbnailUrl":null,"mTitle":"Item 0","numerictext":"","numerictext2":"","subTitle":"","type":0},{"actiontext":"","drawableMain":-1,"drawableoptions":-1,"mDescription":"Description ","mSummaryText":null,"mThumbnailUrl":null,"mTitle":"Item 1","numerictext":"","numerictext2":"","subTitle":"","type":0},{"actiontext":"","drawableMain":-1,"drawableoptions":-1,"mDescription":"Description ","mSummaryText":null,"mThumbnailUrl":null,"mTitle":"Item 2","numerictext":"","numerictext2":"","subTitle":"","type":0},{"actiontext":"","drawableMain":-1,"drawableoptions":-1,"mDescription":"Description ","mSummaryText":null,"mThumbnailUrl":null,"mTitle":"Item 3","numerictext":"","numerictext2":"","subTitle":"","type":0},{"actiontext":"","drawableMain":-1,"drawableoptions":-1,"mDescription":"Description ","mSummaryText":null,"mThumbnailUrl":null,"mTitle":"Item 4","numerictext":"","numerictext2":"","subTitle":"","type":0},{"actiontext":"","drawableMain":-1,"drawableoptions":-1,"mDescription":"Description ","mSummaryText":null,"mThumbnailUrl":null,"mTitle":"Item 5","numerictext":"","numerictext2":"","subTitle":"","type":0},{"actiontext":"","drawableMain":-1,"drawableoptions":-1,"mDescription":"Description ","mSummaryText":null,"mThumbnailUrl":null,"mTitle":"Item 6","numerictext":"","numerictext2":"","subTitle":"","type":0},{"actiontext":"","drawableMain":-1,"drawableoptions":-1,"mDescription":"Description ","mSummaryText":null,"mThumbnailUrl":null,"mTitle":"Item 7","numerictext":"","numerictext2":"","subTitle":"","type":0},{"actiontext":"","drawableMain":-1,"drawableoptions":-1,"mDescription":"Description ","mSummaryText":null,"mThumbnailUrl":null,"mTitle":"Item 8","numerictext":"","numerictext2":"","subTitle":"","type":0},{"actiontext":"","drawableMain":-1,"drawableoptions":-1,"mDescription":"Description ","mSummaryText":null,"mThumbnailUrl":null,"mTitle":"Item 9","numerictext":"","numerictext2":"","subTitle":"","type":0}]}]},"title":"View"}],"pagerContent":null,"title":"Goods-in-Transit"},{"drawable":"","isSubSubTabExist":false,"options":null,"pagerContent":{"pageViewType":0,"sectionlist":[{"itemsType":0,"itemslist":[{"actiontext":"","drawableMain":-1,"drawableoptions":-1,"mDescription":"Description ","mSummaryText":null,"mThumbnailUrl":null,"mTitle":"Item 0","numerictext":"","numerictext2":"","subTitle":"","type":0},{"actiontext":"","drawableMain":-1,"drawableoptions":-1,"mDescription":"Description ","mSummaryText":null,"mThumbnailUrl":null,"mTitle":"Item 1","numerictext":"","numerictext2":"","subTitle":"","type":0},{"actiontext":"","drawableMain":-1,"drawableoptions":-1,"mDescription":"Description ","mSummaryText":null,"mThumbnailUrl":null,"mTitle":"Item 2","numerictext":"","numerictext2":"","subTitle":"","type":0},{"actiontext":"","drawableMain":-1,"drawableoptions":-1,"mDescription":"Description ","mSummaryText":null,"mThumbnailUrl":null,"mTitle":"Item 3","numerictext":"","numerictext2":"","subTitle":"","type":0},{"actiontext":"","drawableMain":-1,"drawableoptions":-1,"mDescription":"Description ","mSummaryText":null,"mThumbnailUrl":null,"mTitle":"Item 4","numerictext":"","numerictext2":"","subTitle":"","type":0},{"actiontext":"","drawableMain":-1,"drawableoptions":-1,"mDescription":"Description ","mSummaryText":null,"mThumbnailUrl":null,"mTitle":"Item 5","numerictext":"","numerictext2":"","subTitle":"","type":0},{"actiontext":"","drawableMain":-1,"drawableoptions":-1,"mDescription":"Description ","mSummaryText":null,"mThumbnailUrl":null,"mTitle":"Item 6","numerictext":"","numerictext2":"","subTitle":"","type":0},{"actiontext":"","drawableMain":-1,"drawableoptions":-1,"mDescription":"Description ","mSummaryText":null,"mThumbnailUrl":null,"mTitle":"Item 7","numerictext":"","numerictext2":"","subTitle":"","type":0},{"actiontext":"","drawableMain":-1,"drawableoptions":-1,"mDescription":"Description ","mSummaryText":null,"mThumbnailUrl":null,"mTitle":"Item 8","numerictext":"","numerictext2":"","subTitle":"","type":0},{"actiontext":"","drawableMain":-1,"drawableoptions":-1,"mDescription":"Description ","mSummaryText":null,"mThumbnailUrl":null,"mTitle":"Item 9","numerictext":"","numerictext2":"","subTitle":"","type":0}]}]},"title":""}],"title":"Sale"},{"drawable":"Ledger","issubTabExist":true,"options":[{"drawable":"Daybook","isSubSubTabExist":true,"options":[{"drawable":"View","isSubSubSubTabExist":false,"options":null,"pagerContent":{"pageViewType":0,"sectionlist":[{"itemsType":0,"itemslist":[{"actiontext":"","drawableMain":-1,"drawableoptions":-1,"mDescription":"Description ","mSummaryText":null,"mThumbnailUrl":null,"mTitle":"Item 0","numerictext":"","numerictext2":"","subTitle":"","type":0},{"actiontext":"","drawableMain":-1,"drawableoptions":-1,"mDescription":"Description ","mSummaryText":null,"mThumbnailUrl":null,"mTitle":"Item 1","numerictext":"","numerictext2":"","subTitle":"","type":0},{"actiontext":"","drawableMain":-1,"drawableoptions":-1,"mDescription":"Description ","mSummaryText":null,"mThumbnailUrl":null,"mTitle":"Item 2","numerictext":"","numerictext2":"","subTitle":"","type":0},{"actiontext":"","drawableMain":-1,"drawableoptions":-1,"mDescription":"Description ","mSummaryText":null,"mThumbnailUrl":null,"mTitle":"Item 3","numerictext":"","numerictext2":"","subTitle":"","type":0},{"actiontext":"","drawableMain":-1,"drawableoptions":-1,"mDescription":"Description ","mSummaryText":null,"mThumbnailUrl":null,"mTitle":"Item 4","numerictext":"","numerictext2":"","subTitle":"","type":0},{"actiontext":"","drawableMain":-1,"drawableoptions":-1,"mDescription":"Description ","mSummaryText":null,"mThumbnailUrl":null,"mTitle":"Item 5","numerictext":"","numerictext2":"","subTitle":"","type":0},{"actiontext":"","drawableMain":-1,"drawableoptions":-1,"mDescription":"Description ","mSummaryText":null,"mThumbnailUrl":null,"mTitle":"Item 6","numerictext":"","numerictext2":"","subTitle":"","type":0},{"actiontext":"","drawableMain":-1,"drawableoptions":-1,"mDescription":"Description ","mSummaryText":null,"mThumbnailUrl":null,"mTitle":"Item 7","numerictext":"","numerictext2":"","subTitle":"","type":0},{"actiontext":"","drawableMain":-1,"drawableoptions":-1,"mDescription":"Description ","mSummaryText":null,"mThumbnailUrl":null,"mTitle":"Item 8","numerictext":"","numerictext2":"","subTitle":"","type":0},{"actiontext":"","drawableMain":-1,"drawableoptions":-1,"mDescription":"Description ","mSummaryText":null,"mThumbnailUrl":null,"mTitle":"Item 9","numerictext":"","numerictext2":"","subTitle":"","type":0}]}]},"title":"View"}],"pagerContent":null,"title":"Daybook"},{"drawable":"","isSubSubTabExist":false,"options":null,"pagerContent":{"pageViewType":0,"sectionlist":[{"itemsType":0,"itemslist":[{"actiontext":"","drawableMain":-1,"drawableoptions":-1,"mDescription":"Description ","mSummaryText":null,"mThumbnailUrl":null,"mTitle":"Item 0","numerictext":"","numerictext2":"","subTitle":"","type":0},{"actiontext":"","drawableMain":-1,"drawableoptions":-1,"mDescription":"Description ","mSummaryText":null,"mThumbnailUrl":null,"mTitle":"Item 1","numerictext":"","numerictext2":"","subTitle":"","type":0},{"actiontext":"","drawableMain":-1,"drawableoptions":-1,"mDescription":"Description ","mSummaryText":null,"mThumbnailUrl":null,"mTitle":"Item 2","numerictext":"","numerictext2":"","subTitle":"","type":0},{"actiontext":"","drawableMain":-1,"drawableoptions":-1,"mDescription":"Description ","mSummaryText":null,"mThumbnailUrl":null,"mTitle":"Item 3","numerictext":"","numerictext2":"","subTitle":"","type":0},{"actiontext":"","drawableMain":-1,"drawableoptions":-1,"mDescription":"Description ","mSummaryText":null,"mThumbnailUrl":null,"mTitle":"Item 4","numerictext":"","numerictext2":"","subTitle":"","type":0},{"actiontext":"","drawableMain":-1,"drawableoptions":-1,"mDescription":"Description ","mSummaryText":null,"mThumbnailUrl":null,"mTitle":"Item 5","numerictext":"","numerictext2":"","subTitle":"","type":0},{"actiontext":"","drawableMain":-1,"drawableoptions":-1,"mDescription":"Description ","mSummaryText":null,"mThumbnailUrl":null,"mTitle":"Item 6","numerictext":"","numerictext2":"","subTitle":"","type":0},{"actiontext":"","drawableMain":-1,"drawableoptions":-1,"mDescription":"Description ","mSummaryText":null,"mThumbnailUrl":null,"mTitle":"Item 7","numerictext":"","numerictext2":"","subTitle":"","type":0},{"actiontext":"","drawableMain":-1,"drawableoptions":-1,"mDescription":"Description ","mSummaryText":null,"mThumbnailUrl":null,"mTitle":"Item 8","numerictext":"","numerictext2":"","subTitle":"","type":0},{"actiontext":"","drawableMain":-1,"drawableoptions":-1,"mDescription":"Description ","mSummaryText":null,"mThumbnailUrl":null,"mTitle":"Item 9","numerictext":"","numerictext2":"","subTitle":"","type":0}]}]},"title":""},{"drawable":"Month-wise","isSubSubTabExist":true,"options":[{"drawable":"View","isSubSubSubTabExist":false,"options":null,"pagerContent":{"pageViewType":0,"sectionlist":[{"itemsType":0,"itemslist":[{"actiontext":"","drawableMain":-1,"drawableoptions":-1,"mDescription":"Description ","mSummaryText":null,"mThumbnailUrl":null,"mTitle":"Item 0","numerictext":"","numerictext2":"","subTitle":"","type":0},{"actiontext":"","drawableMain":-1,"drawableoptions":-1,"mDescription":"Description ","mSummaryText":null,"mThumbnailUrl":null,"mTitle":"Item 1","numerictext":"","numerictext2":"","subTitle":"","type":0},{"actiontext":"","drawableMain":-1,"drawableoptions":-1,"mDescription":"Description ","mSummaryText":null,"mThumbnailUrl":null,"mTitle":"Item 2","numerictext":"","numerictext2":"","subTitle":"","type":0},{"actiontext":"","drawableMain":-1,"drawableoptions":-1,"mDescription":"Description ","mSummaryText":null,"mThumbnailUrl":null,"mTitle":"Item 3","numerictext":"","numerictext2":"","subTitle":"","type":0},{"actiontext":"","drawableMain":-1,"drawableoptions":-1,"mDescription":"Description ","mSummaryText":null,"mThumbnailUrl":null,"mTitle":"Item 4","numerictext":"","numerictext2":"","subTitle":"","type":0},{"actiontext":"","drawableMain":-1,"drawableoptions":-1,"mDescription":"Description ","mSummaryText":null,"mThumbnailUrl":null,"mTitle":"Item 5","numerictext":"","numerictext2":"","subTitle":"","type":0},{"actiontext":"","drawableMain":-1,"drawableoptions":-1,"mDescription":"Description ","mSummaryText":null,"mThumbnailUrl":null,"mTitle":"Item 6","numerictext":"","numerictext2":"","subTitle":"","type":0},{"actiontext":"","drawableMain":-1,"drawableoptions":-1,"mDescription":"Description ","mSummaryText":null,"mThumbnailUrl":null,"mTitle":"Item 7","numerictext":"","numerictext2":"","subTitle":"","type":0},{"actiontext":"","drawableMain":-1,"drawableoptions":-1,"mDescription":"Description ","mSummaryText":null,"mThumbnailUrl":null,"mTitle":"Item 8","numerictext":"","numerictext2":"","subTitle":"","type":0},{"actiontext":"","drawableMain":-1,"drawableoptions":-1,"mDescription":"Description ","mSummaryText":null,"mThumbnailUrl":null,"mTitle":"Item 9","numerictext":"","numerictext2":"","subTitle":"","type":0}]}]},"title":"View"}],"pagerContent":null,"title":"Month-wise"},{"drawable":"","isSubSubTabExist":false,"options":null,"pagerContent":{"pageViewType":0,"sectionlist":[{"itemsType":0,"itemslist":[{"actiontext":"","drawableMain":-1,"drawableoptions":-1,"mDescription":"Description ","mSummaryText":null,"mThumbnailUrl":null,"mTitle":"Item 0","numerictext":"","numerictext2":"","subTitle":"","type":0},{"actiontext":"","drawableMain":-1,"drawableoptions":-1,"mDescription":"Description ","mSummaryText":null,"mThumbnailUrl":null,"mTitle":"Item 1","numerictext":"","numerictext2":"","subTitle":"","type":0},{"actiontext":"","drawableMain":-1,"drawableoptions":-1,"mDescription":"Description ","mSummaryText":null,"mThumbnailUrl":null,"mTitle":"Item 2","numerictext":"","numerictext2":"","subTitle":"","type":0},{"actiontext":"","drawableMain":-1,"drawableoptions":-1,"mDescription":"Description ","mSummaryText":null,"mThumbnailUrl":null,"mTitle":"Item 3","numerictext":"","numerictext2":"","subTitle":"","type":0},{"actiontext":"","drawableMain":-1,"drawableoptions":-1,"mDescription":"Description ","mSummaryText":null,"mThumbnailUrl":null,"mTitle":"Item 4","numerictext":"","numerictext2":"","subTitle":"","type":0},{"actiontext":"","drawableMain":-1,"drawableoptions":-1,"mDescription":"Description ","mSummaryText":null,"mThumbnailUrl":null,"mTitle":"Item 5","numerictext":"","numerictext2":"","subTitle":"","type":0},{"actiontext":"","drawableMain":-1,"drawableoptions":-1,"mDescription":"Description ","mSummaryText":null,"mThumbnailUrl":null,"mTitle":"Item 6","numerictext":"","numerictext2":"","subTitle":"","type":0},{"actiontext":"","drawableMain":-1,"drawableoptions":-1,"mDescription":"Description ","mSummaryText":null,"mThumbnailUrl":null,"mTitle":"Item 7","numerictext":"","numerictext2":"","subTitle":"","type":0},{"actiontext":"","drawableMain":-1,"drawableoptions":-1,"mDescription":"Description ","mSummaryText":null,"mThumbnailUrl":null,"mTitle":"Item 8","numerictext":"","numerictext2":"","subTitle":"","type":0},{"actiontext":"","drawableMain":-1,"drawableoptions":-1,"mDescription":"Description ","mSummaryText":null,"mThumbnailUrl":null,"mTitle":"Item 9","numerictext":"","numerictext2":"","subTitle":"","type":0}]}]},"title":""},{"drawable":"Overview","isSubSubTabExist":true,"options":[{"drawable":"View","isSubSubSubTabExist":false,"options":null,"pagerContent":{"pageViewType":0,"sectionlist":[{"itemsType":0,"itemslist":[{"actiontext":"","drawableMain":-1,"drawableoptions":-1,"mDescription":"Description ","mSummaryText":null,"mThumbnailUrl":null,"mTitle":"Item 0","numerictext":"","numerictext2":"","subTitle":"","type":0},{"actiontext":"","drawableMain":-1,"drawableoptions":-1,"mDescription":"Description ","mSummaryText":null,"mThumbnailUrl":null,"mTitle":"Item 1","numerictext":"","numerictext2":"","subTitle":"","type":0},{"actiontext":"","drawableMain":-1,"drawableoptions":-1,"mDescription":"Description ","mSummaryText":null,"mThumbnailUrl":null,"mTitle":"Item 2","numerictext":"","numerictext2":"","subTitle":"","type":0},{"actiontext":"","drawableMain":-1,"drawableoptions":-1,"mDescription":"Description ","mSummaryText":null,"mThumbnailUrl":null,"mTitle":"Item 3","numerictext":"","numerictext2":"","subTitle":"","type":0},{"actiontext":"","drawableMain":-1,"drawableoptions":-1,"mDescription":"Description ","mSummaryText":null,"mThumbnailUrl":null,"mTitle":"Item 4","numerictext":"","numerictext2":"","subTitle":"","type":0},{"actiontext":"","drawableMain":-1,"drawableoptions":-1,"mDescription":"Description ","mSummaryText":null,"mThumbnailUrl":null,"mTitle":"Item 5","numerictext":"","numerictext2":"","subTitle":"","type":0},{"actiontext":"","drawableMain":-1,"drawableoptions":-1,"mDescription":"Description ","mSummaryText":null,"mThumbnailUrl":null,"mTitle":"Item 6","numerictext":"","numerictext2":"","subTitle":"","type":0},{"actiontext":"","drawableMain":-1,"drawableoptions":-1,"mDescription":"Description ","mSummaryText":null,"mThumbnailUrl":null,"mTitle":"Item 7","numerictext":"","numerictext2":"","subTitle":"","type":0},{"actiontext":"","drawableMain":-1,"drawableoptions":-1,"mDescription":"Description ","mSummaryText":null,"mThumbnailUrl":null,"mTitle":"Item 8","numerictext":"","numerictext2":"","subTitle":"","type":0},{"actiontext":"","drawableMain":-1,"drawableoptions":-1,"mDescription":"Description ","mSummaryText":null,"mThumbnailUrl":null,"mTitle":"Item 9","numerictext":"","numerictext2":"","subTitle":"","type":0}]}]},"title":"View"}],"pagerContent":null,"title":"Overview"}],"title":"Ledger"},{"drawable":"Trade Receivable","issubTabExist":true,"options":[{"drawable":"Table","isSubSubTabExist":true,"options":[{"drawable":"View","isSubSubSubTabExist":false,"options":null,"pagerContent":{"pageViewType":0,"sectionlist":[{"itemsType":0,"itemslist":[{"actiontext":"","drawableMain":-1,"drawableoptions":-1,"mDescription":"Description ","mSummaryText":null,"mThumbnailUrl":null,"mTitle":"Item 0","numerictext":"","numerictext2":"","subTitle":"","type":0},{"actiontext":"","drawableMain":-1,"drawableoptions":-1,"mDescription":"Description ","mSummaryText":null,"mThumbnailUrl":null,"mTitle":"Item 1","numerictext":"","numerictext2":"","subTitle":"","type":0},{"actiontext":"","drawableMain":-1,"drawableoptions":-1,"mDescription":"Description ","mSummaryText":null,"mThumbnailUrl":null,"mTitle":"Item 2","numerictext":"","numerictext2":"","subTitle":"","type":0},{"actiontext":"","drawableMain":-1,"drawableoptions":-1,"mDescription":"Description ","mSummaryText":null,"mThumbnailUrl":null,"mTitle":"Item 3","numerictext":"","numerictext2":"","subTitle":"","type":0},{"actiontext":"","drawableMain":-1,"drawableoptions":-1,"mDescription":"Description ","mSummaryText":null,"mThumbnailUrl":null,"mTitle":"Item 4","numerictext":"","numerictext2":"","subTitle":"","type":0},{"actiontext":"","drawableMain":-1,"drawableoptions":-1,"mDescription":"Description ","mSummaryText":null,"mThumbnailUrl":null,"mTitle":"Item 5","numerictext":"","numerictext2":"","subTitle":"","type":0},{"actiontext":"","drawableMain":-1,"drawableoptions":-1,"mDescription":"Description ","mSummaryText":null,"mThumbnailUrl":null,"mTitle":"Item 6","numerictext":"","numerictext2":"","subTitle":"","type":0},{"actiontext":"","drawableMain":-1,"drawableoptions":-1,"mDescription":"Description ","mSummaryText":null,"mThumbnailUrl":null,"mTitle":"Item 7","numerictext":"","numerictext2":"","subTitle":"","type":0},{"actiontext":"","drawableMain":-1,"drawableoptions":-1,"mDescription":"Description ","mSummaryText":null,"mThumbnailUrl":null,"mTitle":"Item 8","numerictext":"","numerictext2":"","subTitle":"","type":0},{"actiontext":"","drawableMain":-1,"drawableoptions":-1,"mDescription":"Description ","mSummaryText":null,"mThumbnailUrl":null,"mTitle":"Item 9","numerictext":"","numerictext2":"","subTitle":"","type":0}]}]},"title":"View"}],"pagerContent":null,"title":"Table"},{"drawable":"","isSubSubTabExist":false,"options":null,"pagerContent":{"pageViewType":0,"sectionlist":[{"itemsType":0,"itemslist":[{"actiontext":"","drawableMain":-1,"drawableoptions":-1,"mDescription":"Description ","mSummaryText":null,"mThumbnailUrl":null,"mTitle":"Item 0","numerictext":"","numerictext2":"","subTitle":"","type":0},{"actiontext":"","drawableMain":-1,"drawableoptions":-1,"mDescription":"Description ","mSummaryText":null,"mThumbnailUrl":null,"mTitle":"Item 1","numerictext":"","numerictext2":"","subTitle":"","type":0},{"actiontext":"","drawableMain":-1,"drawableoptions":-1,"mDescription":"Description ","mSummaryText":null,"mThumbnailUrl":null,"mTitle":"Item 2","numerictext":"","numerictext2":"","subTitle":"","type":0},{"actiontext":"","drawableMain":-1,"drawableoptions":-1,"mDescription":"Description ","mSummaryText":null,"mThumbnailUrl":null,"mTitle":"Item 3","numerictext":"","numerictext2":"","subTitle":"","type":0},{"actiontext":"","drawableMain":-1,"drawableoptions":-1,"mDescription":"Description ","mSummaryText":null,"mThumbnailUrl":null,"mTitle":"Item 4","numerictext":"","numerictext2":"","subTitle":"","type":0},{"actiontext":"","drawableMain":-1,"drawableoptions":-1,"mDescription":"Description ","mSummaryText":null,"mThumbnailUrl":null,"mTitle":"Item 5","numerictext":"","numerictext2":"","subTitle":"","type":0},{"actiontext":"","drawableMain":-1,"drawableoptions":-1,"mDescription":"Description ","mSummaryText":null,"mThumbnailUrl":null,"mTitle":"Item 6","numerictext":"","numerictext2":"","subTitle":"","type":0},{"actiontext":"","drawableMain":-1,"drawableoptions":-1,"mDescription":"Description ","mSummaryText":null,"mThumbnailUrl":null,"mTitle":"Item 7","numerictext":"","numerictext2":"","subTitle":"","type":0},{"actiontext":"","drawableMain":-1,"drawableoptions":-1,"mDescription":"Description ","mSummaryText":null,"mThumbnailUrl":null,"mTitle":"Item 8","numerictext":"","numerictext2":"","subTitle":"","type":0},{"actiontext":"","drawableMain":-1,"drawableoptions":-1,"mDescription":"Description ","mSummaryText":null,"mThumbnailUrl":null,"mTitle":"Item 9","numerictext":"","numerictext2":"","subTitle":"","type":0}]}]},"title":""}],"title":"Trade Receivable"},{"drawable":"Trade Payable","issubTabExist":true,"options":[{"drawable":"Table","isSubSubTabExist":true,"options":[{"drawable":"View","isSubSubSubTabExist":false,"options":null,"pagerContent":{"pageViewType":0,"sectionlist":[{"itemsType":0,"itemslist":[{"actiontext":"","drawableMain":-1,"drawableoptions":-1,"mDescription":"Description ","mSummaryText":null,"mThumbnailUrl":null,"mTitle":"Item 0","numerictext":"","numerictext2":"","subTitle":"","type":0},{"actiontext":"","drawableMain":-1,"drawableoptions":-1,"mDescription":"Description ","mSummaryText":null,"mThumbnailUrl":null,"mTitle":"Item 1","numerictext":"","numerictext2":"","subTitle":"","type":0},{"actiontext":"","drawableMain":-1,"drawableoptions":-1,"mDescription":"Description ","mSummaryText":null,"mThumbnailUrl":null,"mTitle":"Item 2","numerictext":"","numerictext2":"","subTitle":"","type":0},{"actiontext":"","drawableMain":-1,"drawableoptions":-1,"mDescription":"Description ","mSummaryText":null,"mThumbnailUrl":null,"mTitle":"Item 3","numerictext":"","numerictext2":"","subTitle":"","type":0},{"actiontext":"","drawableMain":-1,"drawableoptions":-1,"mDescription":"Description ","mSummaryText":null,"mThumbnailUrl":null,"mTitle":"Item 4","numerictext":"","numerictext2":"","subTitle":"","type":0},{"actiontext":"","drawableMain":-1,"drawableoptions":-1,"mDescription":"Description ","mSummaryText":null,"mThumbnailUrl":null,"mTitle":"Item 5","numerictext":"","numerictext2":"","subTitle":"","type":0},{"actiontext":"","drawableMain":-1,"drawableoptions":-1,"mDescription":"Description ","mSummaryText":null,"mThumbnailUrl":null,"mTitle":"Item 6","numerictext":"","numerictext2":"","subTitle":"","type":0},{"actiontext":"","drawableMain":-1,"drawableoptions":-1,"mDescription":"Description ","mSummaryText":null,"mThumbnailUrl":null,"mTitle":"Item 7","numerictext":"","numerictext2":"","subTitle":"","type":0},{"actiontext":"","drawableMain":-1,"drawableoptions":-1,"mDescription":"Description ","mSummaryText":null,"mThumbnailUrl":null,"mTitle":"Item 8","numerictext":"","numerictext2":"","subTitle":"","type":0},{"actiontext":"","drawableMain":-1,"drawableoptions":-1,"mDescription":"Description ","mSummaryText":null,"mThumbnailUrl":null,"mTitle":"Item 9","numerictext":"","numerictext2":"","subTitle":"","type":0}]}]},"title":"View"}],"pagerContent":null,"title":"Table"},{"drawable":"","isSubSubTabExist":false,"options":null,"pagerContent":{"pageViewType":0,"sectionlist":[{"itemsType":0,"itemslist":[{"actiontext":"","drawableMain":-1,"drawableoptions":-1,"mDescription":"Description ","mSummaryText":null,"mThumbnailUrl":null,"mTitle":"Item 0","numerictext":"","numerictext2":"","subTitle":"","type":0},{"actiontext":"","drawableMain":-1,"drawableoptions":-1,"mDescription":"Description ","mSummaryText":null,"mThumbnailUrl":null,"mTitle":"Item 1","numerictext":"","numerictext2":"","subTitle":"","type":0},{"actiontext":"","drawableMain":-1,"drawableoptions":-1,"mDescription":"Description ","mSummaryText":null,"mThumbnailUrl":null,"mTitle":"Item 2","numerictext":"","numerictext2":"","subTitle":"","type":0},{"actiontext":"","drawableMain":-1,"drawableoptions":-1,"mDescription":"Description ","mSummaryText":null,"mThumbnailUrl":null,"mTitle":"Item 3","numerictext":"","numerictext2":"","subTitle":"","type":0},{"actiontext":"","drawableMain":-1,"drawableoptions":-1,"mDescription":"Description ","mSummaryText":null,"mThumbnailUrl":null,"mTitle":"Item 4","numerictext":"","numerictext2":"","subTitle":"","type":0},{"actiontext":"","drawableMain":-1,"drawableoptions":-1,"mDescription":"Description ","mSummaryText":null,"mThumbnailUrl":null,"mTitle":"Item 5","numerictext":"","numerictext2":"","subTitle":"","type":0},{"actiontext":"","drawableMain":-1,"drawableoptions":-1,"mDescription":"Description ","mSummaryText":null,"mThumbnailUrl":null,"mTitle":"Item 6","numerictext":"","numerictext2":"","subTitle":"","type":0},{"actiontext":"","drawableMain":-1,"drawableoptions":-1,"mDescription":"Description ","mSummaryText":null,"mThumbnailUrl":null,"mTitle":"Item 7","numerictext":"","numerictext2":"","subTitle":"","type":0},{"actiontext":"","drawableMain":-1,"drawableoptions":-1,"mDescription":"Description ","mSummaryText":null,"mThumbnailUrl":null,"mTitle":"Item 8","numerictext":"","numerictext2":"","subTitle":"","type":0},{"actiontext":"","drawableMain":-1,"drawableoptions":-1,"mDescription":"Description ","mSummaryText":null,"mThumbnailUrl":null,"mTitle":"Item 9","numerictext":"","numerictext2":"","subTitle":"","type":0}]}]},"title":""}],"title":"Trade Payable"},{"drawable":"Tax Statement","issubTabExist":true,"options":[{"drawable":"ITC details","isSubSubTabExist":true,"options":[{"drawable":"View","isSubSubSubTabExist":false,"options":null,"pagerContent":{"pageViewType":0,"sectionlist":[{"itemsType":0,"itemslist":[{"actiontext":"","drawableMain":-1,"drawableoptions":-1,"mDescription":"Description ","mSummaryText":null,"mThumbnailUrl":null,"mTitle":"Item 0","numerictext":"","numerictext2":"","subTitle":"","type":0},{"actiontext":"","drawableMain":-1,"drawableoptions":-1,"mDescription":"Description ","mSummaryText":null,"mThumbnailUrl":null,"mTitle":"Item 1","numerictext":"","numerictext2":"","subTitle":"","type":0},{"actiontext":"","drawableMain":-1,"drawableoptions":-1,"mDescription":"Description ","mSummaryText":null,"mThumbnailUrl":null,"mTitle":"Item 2","numerictext":"","numerictext2":"","subTitle":"","type":0},{"actiontext":"","drawableMain":-1,"drawableoptions":-1,"mDescription":"Description ","mSummaryText":null,"mThumbnailUrl":null,"mTitle":"Item 3","numerictext":"","numerictext2":"","subTitle":"","type":0},{"actiontext":"","drawableMain":-1,"drawableoptions":-1,"mDescription":"Description ","mSummaryText":null,"mThumbnailUrl":null,"mTitle":"Item 4","numerictext":"","numerictext2":"","subTitle":"","type":0},{"actiontext":"","drawableMain":-1,"drawableoptions":-1,"mDescription":"Description ","mSummaryText":null,"mThumbnailUrl":null,"mTitle":"Item 5","numerictext":"","numerictext2":"","subTitle":"","type":0},{"actiontext":"","drawableMain":-1,"drawableoptions":-1,"mDescription":"Description ","mSummaryText":null,"mThumbnailUrl":null,"mTitle":"Item 6","numerictext":"","numerictext2":"","subTitle":"","type":0},{"actiontext":"","drawableMain":-1,"drawableoptions":-1,"mDescription":"Description ","mSummaryText":null,"mThumbnailUrl":null,"mTitle":"Item 7","numerictext":"","numerictext2":"","subTitle":"","type":0},{"actiontext":"","drawableMain":-1,"drawableoptions":-1,"mDescription":"Description ","mSummaryText":null,"mThumbnailUrl":null,"mTitle":"Item 8","numerictext":"","numerictext2":"","subTitle":"","type":0},{"actiontext":"","drawableMain":-1,"drawableoptions":-1,"mDescription":"Description ","mSummaryText":null,"mThumbnailUrl":null,"mTitle":"Item 9","numerictext":"","numerictext2":"","subTitle":"","type":0}]}]},"title":"View"}],"pagerContent":null,"title":"ITC details"},{"drawable":"","isSubSubTabExist":false,"options":null,"pagerContent":{"pageViewType":0,"sectionlist":[{"itemsType":0,"itemslist":[{"actiontext":"","drawableMain":-1,"drawableoptions":-1,"mDescription":"Description ","mSummaryText":null,"mThumbnailUrl":null,"mTitle":"Item 0","numerictext":"","numerictext2":"","subTitle":"","type":0},{"actiontext":"","drawableMain":-1,"drawableoptions":-1,"mDescription":"Description ","mSummaryText":null,"mThumbnailUrl":null,"mTitle":"Item 1","numerictext":"","numerictext2":"","subTitle":"","type":0},{"actiontext":"","drawableMain":-1,"drawableoptions":-1,"mDescription":"Description ","mSummaryText":null,"mThumbnailUrl":null,"mTitle":"Item 2","numerictext":"","numerictext2":"","subTitle":"","type":0},{"actiontext":"","drawableMain":-1,"drawableoptions":-1,"mDescription":"Description ","mSummaryText":null,"mThumbnailUrl":null,"mTitle":"Item 3","numerictext":"","numerictext2":"","subTitle":"","type":0},{"actiontext":"","drawableMain":-1,"drawableoptions":-1,"mDescription":"Description ","mSummaryText":null,"mThumbnailUrl":null,"mTitle":"Item 4","numerictext":"","numerictext2":"","subTitle":"","type":0},{"actiontext":"","drawableMain":-1,"drawableoptions":-1,"mDescription":"Description ","mSummaryText":null,"mThumbnailUrl":null,"mTitle":"Item 5","numerictext":"","numerictext2":"","subTitle":"","type":0},{"actiontext":"","drawableMain":-1,"drawableoptions":-1,"mDescription":"Description ","mSummaryText":null,"mThumbnailUrl":null,"mTitle":"Item 6","numerictext":"","numerictext2":"","subTitle":"","type":0},{"actiontext":"","drawableMain":-1,"drawableoptions":-1,"mDescription":"Description ","mSummaryText":null,"mThumbnailUrl":null,"mTitle":"Item 7","numerictext":"","numerictext2":"","subTitle":"","type":0},{"actiontext":"","drawableMain":-1,"drawableoptions":-1,"mDescription":"Description ","mSummaryText":null,"mThumbnailUrl":null,"mTitle":"Item 8","numerictext":"","numerictext2":"","subTitle":"","type":0},{"actiontext":"","drawableMain":-1,"drawableoptions":-1,"mDescription":"Description ","mSummaryText":null,"mThumbnailUrl":null,"mTitle":"Item 9","numerictext":"","numerictext2":"","subTitle":"","type":0}]}]},"title":""},{"drawable":"GSTR-3B","isSubSubTabExist":true,"options":[{"drawable":"View","isSubSubSubTabExist":false,"options":null,"pagerContent":{"pageViewType":0,"sectionlist":[{"itemsType":0,"itemslist":[{"actiontext":"","drawableMain":-1,"drawableoptions":-1,"mDescription":"Description ","mSummaryText":null,"mThumbnailUrl":null,"mTitle":"Item 0","numerictext":"","numerictext2":"","subTitle":"","type":0},{"actiontext":"","drawableMain":-1,"drawableoptions":-1,"mDescription":"Description ","mSummaryText":null,"mThumbnailUrl":null,"mTitle":"Item 1","numerictext":"","numerictext2":"","subTitle":"","type":0},{"actiontext":"","drawableMain":-1,"drawableoptions":-1,"mDescription":"Description ","mSummaryText":null,"mThumbnailUrl":null,"mTitle":"Item 2","numerictext":"","numerictext2":"","subTitle":"","type":0},{"actiontext":"","drawableMain":-1,"drawableoptions":-1,"mDescription":"Description ","mSummaryText":null,"mThumbnailUrl":null,"mTitle":"Item 3","numerictext":"","numerictext2":"","subTitle":"","type":0},{"actiontext":"","drawableMain":-1,"drawableoptions":-1,"mDescription":"Description ","mSummaryText":null,"mThumbnailUrl":null,"mTitle":"Item 4","numerictext":"","numerictext2":"","subTitle":"","type":0},{"actiontext":"","drawableMain":-1,"drawableoptions":-1,"mDescription":"Description ","mSummaryText":null,"mThumbnailUrl":null,"mTitle":"Item 5","numerictext":"","numerictext2":"","subTitle":"","type":0},{"actiontext":"","drawableMain":-1,"drawableoptions":-1,"mDescription":"Description ","mSummaryText":null,"mThumbnailUrl":null,"mTitle":"Item 6","numerictext":"","numerictext2":"","subTitle":"","type":0},{"actiontext":"","drawableMain":-1,"drawableoptions":-1,"mDescription":"Description ","mSummaryText":null,"mThumbnailUrl":null,"mTitle":"Item 7","numerictext":"","numerictext2":"","subTitle":"","type":0},{"actiontext":"","drawableMain":-1,"drawableoptions":-1,"mDescription":"Description ","mSummaryText":null,"mThumbnailUrl":null,"mTitle":"Item 8","numerictext":"","numerictext2":"","subTitle":"","type":0},{"actiontext":"","drawableMain":-1,"drawableoptions":-1,"mDescription":"Description ","mSummaryText":null,"mThumbnailUrl":null,"mTitle":"Item 9","numerictext":"","numerictext2":"","subTitle":"","type":0}]}]},"title":"View"}],"pagerContent":null,"title":"GSTR-3B"},{"drawable":"","isSubSubTabExist":false,"options":null,"pagerContent":{"pageViewType":0,"sectionlist":[{"itemsType":0,"itemslist":[{"actiontext":"","drawableMain":-1,"drawableoptions":-1,"mDescription":"Description ","mSummaryText":null,"mThumbnailUrl":null,"mTitle":"Item 0","numerictext":"","numerictext2":"","subTitle":"","type":0},{"actiontext":"","drawableMain":-1,"drawableoptions":-1,"mDescription":"Description ","mSummaryText":null,"mThumbnailUrl":null,"mTitle":"Item 1","numerictext":"","numerictext2":"","subTitle":"","type":0},{"actiontext":"","drawableMain":-1,"drawableoptions":-1,"mDescription":"Description ","mSummaryText":null,"mThumbnailUrl":null,"mTitle":"Item 2","numerictext":"","numerictext2":"","subTitle":"","type":0},{"actiontext":"","drawableMain":-1,"drawableoptions":-1,"mDescription":"Description ","mSummaryText":null,"mThumbnailUrl":null,"mTitle":"Item 3","numerictext":"","numerictext2":"","subTitle":"","type":0},{"actiontext":"","drawableMain":-1,"drawableoptions":-1,"mDescription":"Description ","mSummaryText":null,"mThumbnailUrl":null,"mTitle":"Item 4","numerictext":"","numerictext2":"","subTitle":"","type":0},{"actiontext":"","drawableMain":-1,"drawableoptions":-1,"mDescription":"Description ","mSummaryText":null,"mThumbnailUrl":null,"mTitle":"Item 5","numerictext":"","numerictext2":"","subTitle":"","type":0},{"actiontext":"","drawableMain":-1,"drawableoptions":-1,"mDescription":"Description ","mSummaryText":null,"mThumbnailUrl":null,"mTitle":"Item 6","numerictext":"","numerictext2":"","subTitle":"","type":0},{"actiontext":"","drawableMain":-1,"drawableoptions":-1,"mDescription":"Description ","mSummaryText":null,"mThumbnailUrl":null,"mTitle":"Item 7","numerictext":"","numerictext2":"","subTitle":"","type":0},{"actiontext":"","drawableMain":-1,"drawableoptions":-1,"mDescription":"Description ","mSummaryText":null,"mThumbnailUrl":null,"mTitle":"Item 8","numerictext":"","numerictext2":"","subTitle":"","type":0},{"actiontext":"","drawableMain":-1,"drawableoptions":-1,"mDescription":"Description ","mSummaryText":null,"mThumbnailUrl":null,"mTitle":"Item 9","numerictext":"","numerictext2":"","subTitle":"","type":0}]}]},"title":""}],"title":"Tax Statement"},{"drawable":"Reconcilation","issubTabExist":true,"options":[{"drawable":"Search","isSubSubTabExist":true,"options":[{"drawable":"View","isSubSubSubTabExist":false,"options":null,"pagerContent":{"pageViewType":0,"sectionlist":[{"itemsType":0,"itemslist":[{"actiontext":"","drawableMain":-1,"drawableoptions":-1,"mDescription":"Description ","mSummaryText":null,"mThumbnailUrl":null,"mTitle":"Item 0","numerictext":"","numerictext2":"","subTitle":"","type":0},{"actiontext":"","drawableMain":-1,"drawableoptions":-1,"mDescription":"Description ","mSummaryText":null,"mThumbnailUrl":null,"mTitle":"Item 1","numerictext":"","numerictext2":"","subTitle":"","type":0},{"actiontext":"","drawableMain":-1,"drawableoptions":-1,"mDescription":"Description ","mSummaryText":null,"mThumbnailUrl":null,"mTitle":"Item 2","numerictext":"","numerictext2":"","subTitle":"","type":0},{"actiontext":"","drawableMain":-1,"drawableoptions":-1,"mDescription":"Description ","mSummaryText":null,"mThumbnailUrl":null,"mTitle":"Item 3","numerictext":"","numerictext2":"","subTitle":"","type":0},{"actiontext":"","drawableMain":-1,"drawableoptions":-1,"mDescription":"Description ","mSummaryText":null,"mThumbnailUrl":null,"mTitle":"Item 4","numerictext":"","numerictext2":"","subTitle":"","type":0},{"actiontext":"","drawableMain":-1,"drawableoptions":-1,"mDescription":"Description ","mSummaryText":null,"mThumbnailUrl":null,"mTitle":"Item 5","numerictext":"","numerictext2":"","subTitle":"","type":0},{"actiontext":"","drawableMain":-1,"drawableoptions":-1,"mDescription":"Description ","mSummaryText":null,"mThumbnailUrl":null,"mTitle":"Item 6","numerictext":"","numerictext2":"","subTitle":"","type":0},{"actiontext":"","drawableMain":-1,"drawableoptions":-1,"mDescription":"Description ","mSummaryText":null,"mThumbnailUrl":null,"mTitle":"Item 7","numerictext":"","numerictext2":"","subTitle":"","type":0},{"actiontext":"","drawableMain":-1,"drawableoptions":-1,"mDescription":"Description ","mSummaryText":null,"mThumbnailUrl":null,"mTitle":"Item 8","numerictext":"","numerictext2":"","subTitle":"","type":0},{"actiontext":"","drawableMain":-1,"drawableoptions":-1,"mDescription":"Description ","mSummaryText":null,"mThumbnailUrl":null,"mTitle":"Item 9","numerictext":"","numerictext2":"","subTitle":"","type":0}]}]},"title":"View"}],"pagerContent":null,"title":"Search"},{"drawable":"","isSubSubTabExist":false,"options":null,"pagerContent":{"pageViewType":0,"sectionlist":[{"itemsType":0,"itemslist":[{"actiontext":"","drawableMain":-1,"drawableoptions":-1,"mDescription":"Description ","mSummaryText":null,"mThumbnailUrl":null,"mTitle":"Item 0","numerictext":"","numerictext2":"","subTitle":"","type":0},{"actiontext":"","drawableMain":-1,"drawableoptions":-1,"mDescription":"Description ","mSummaryText":null,"mThumbnailUrl":null,"mTitle":"Item 1","numerictext":"","numerictext2":"","subTitle":"","type":0},{"actiontext":"","drawableMain":-1,"drawableoptions":-1,"mDescription":"Description ","mSummaryText":null,"mThumbnailUrl":null,"mTitle":"Item 2","numerictext":"","numerictext2":"","subTitle":"","type":0},{"actiontext":"","drawableMain":-1,"drawableoptions":-1,"mDescription":"Description ","mSummaryText":null,"mThumbnailUrl":null,"mTitle":"Item 3","numerictext":"","numerictext2":"","subTitle":"","type":0},{"actiontext":"","drawableMain":-1,"drawableoptions":-1,"mDescription":"Description ","mSummaryText":null,"mThumbnailUrl":null,"mTitle":"Item 4","numerictext":"","numerictext2":"","subTitle":"","type":0},{"actiontext":"","drawableMain":-1,"drawableoptions":-1,"mDescription":"Description ","mSummaryText":null,"mThumbnailUrl":null,"mTitle":"Item 5","numerictext":"","numerictext2":"","subTitle":"","type":0},{"actiontext":"","drawableMain":-1,"drawableoptions":-1,"mDescription":"Description ","mSummaryText":null,"mThumbnailUrl":null,"mTitle":"Item 6","numerictext":"","numerictext2":"","subTitle":"","type":0},{"actiontext":"","drawableMain":-1,"drawableoptions":-1,"mDescription":"Description ","mSummaryText":null,"mThumbnailUrl":null,"mTitle":"Item 7","numerictext":"","numerictext2":"","subTitle":"","type":0},{"actiontext":"","drawableMain":-1,"drawableoptions":-1,"mDescription":"Description ","mSummaryText":null,"mThumbnailUrl":null,"mTitle":"Item 8","numerictext":"","numerictext2":"","subTitle":"","type":0},{"actiontext":"","drawableMain":-1,"drawableoptions":-1,"mDescription":"Description ","mSummaryText":null,"mThumbnailUrl":null,"mTitle":"Item 9","numerictext":"","numerictext2":"","subTitle":"","type":0}]}]},"title":""}],"title":"Reconcilation"}]},"title":"Business Agent"}